781, OP-11227, sudhakaropsmx
782, OP-11724, sudhakaropsmx
783, OP-000, karunakar960
784, OP-11656, Pranav-b-7
785, OP-11656, Pranav-b-7
786, OP-11661, rsh09
787, OP-000, karunakar960
788, OP-10749, arunkumaropsmx
789, OP-11044, sriharshakancharla
790, OP-11771, Pranav-b-7
791, OP-11015, sudhakaropsmx
792, OP-11015, sudhakaropsmx
793, OP-11015, sudhakaropsmx
794, OP-11513, sudhakaropsmx
795, OP-11513, sudhakaropsmx
796, OP-11513, sudhakaropsmx
797, OP-0000, karunakar960
798, OP-11513, sudhakaropsmx
